Symbol;Logo
AAPL;N_0002.jpg
GOOG;N_0003.jpg
MSFT;N_0004.jpg
VOD;N_0005.jpg
AMZN;N_0006.jpg
CMCSA;N_0007.jpg
INTC;N_0008.jpg
QCOM;N_0009.jpg
FB;N_0010.jpg
CSCO;N_0011.jpg
GILD;N_0012.jpg
AMGN;N_0013.jpg
AMOV;N_0014.jpg
EBAY;N_0015.jpg
CELG;N_0016.jpg
SBUX;N_0017.jpg
MDLZ;N_0018.jpg
PCLN;N_0019.jpg
BIIB;N_0020.jpg
BIDU;N_0021.jpg
COST;N_0022.jpg
ESRX;N_0023.jpg
FOXA;N_0024.jpg
TXN;N_0025.jpg
ERIC;N_0026.jpg
ASML;N_0027.jpg
VIA;N_0028.jpg
ADP;N_0029.jpg
YHOO;N_0030.jpg
VIAB;N_0031.jpg
FWM;N_0032.jpg
DTV;N_0033.jpg
LBTYA;N_0034.jpg
KRFT;N_0035.jpg
WPPGY;N_0036.jpg
REGN;N_0037.jpg
ADBE;N_0038.jpg
CTSH;N_0039.jpg
CME;N_0040.jpg
SHPG;N_0041.jpg
ALXN;N_0042.jpg
DISH;N_0043.jpg
SIRI;N_0044.jpg
CMCSK;N_0045.jpg
WFM;N_0046.jpg
ARMH;N_0047.jpg
AMAT;N_0048.jpg
INTU;N_0049.jpg
TROW;N_0050.jpg
DISCA;N_0051.jpg
VIP;N_0052.jpg
MU;N_0053.jpg
PCAR;N_0054.jpg
CERN;N_0055.jpg
MPEL;N_0056.jpg
WDC;N_0057.jpg
FITB;N_0058.jpg
ROST;N_0059.jpg
LMCA;N_0060.jpg
WYNN;N_0061.jpg
TSLA;N_0062.jpg
BBBY;N_0063.jpg
SYMC;N_0064.jpg
STX;N_0065.jpg
MYL;N_0066.jpg
SNDK;N_0067.jpg
PAYX;N_0068.jpg
ADI;N_0069.jpg
MAT;N_0070.jpg
BRCM;N_0071.jpg
ISRG;N_0072.jpg
CA;N_0073.jpg
LINTA;N_0074.jpg
VRTX;N_0075.jpg
MAR;N_0076.jpg
NTAP;N_0077.jpg
FAST;N_0078.jpg
FISV;N_0079.jpg
NTRS;N_0080.jpg
ORLY;N_0081.jpg
DLTR;N_0082.jpg
CHTR;N_0083.jpg
IEP;N_0084.jpg
LIFE;N_0085.jpg
RYAAY;N_0086.jpg
TRIP;N_0087.jpg
YNDX;N_0088.jpg
ATVI;N_0089.jpg
CHKP;N_0090.jpg
ILMN;N_0091.jpg
XLNX;N_0092.jpg
SBAC;N_0093.jpg
SLM;N_0094.jpg
VRSK;N_0095.jpg
AVGO;N_0096.jpg
GRFS;N_0097.jpg
KLAC;N_0098.jpg
ALTR;N_0099.jpg
SPLS;N_0100.jpg
SIAL;N_0101.jpg
CTXS;N_0102.jpg
TSCO;N_0103.jpg
NXPI;N_0104.jpg
SRCL;N_0105.jpg
NWSA;N_0106.jpg
CG;N_0107.jpg
CTRX;N_0108.jpg
HSIC;N_0109.jpg
ADSK;N_0110.jpg
LKQ;N_0111.jpg
MNST;N_0112.jpg
LLTC;N_0113.jpg
LULU;N_0114.jpg
NVDA;N_0115.jpg
BMRN;N_0116.jpg
GMCR;N_0117.jpg
CHRW;N_0118.jpg
GRMN;N_0119.jpg
PCYC;N_0120.jpg
EXPD;N_0121.jpg
BEAV;N_0122.jpg
NTES;N_0123.jpg
MCHP;N_0124.jpg
JBHT;N_0125.jpg
LRCX;N_0126.jpg
ULTA;N_0127.jpg
CINF;N_0128.jpg
TRMB;N_0129.jpg
MXIM;N_0130.jpg
AKAM;N_0131.jpg
AGNC;N_0132.jpg
EQIX;N_0133.jpg
EA;N_0134.jpg
EXPE;N_0135.jpg
ACGL;N_0136.jpg
ANSS;N_0137.jpg
VRSN;N_0138.jpg
PETM;N_0139.jpg
ENDP;N_0140.jpg
HBAN;N_0141.jpg
INCY;N_0142.jpg
GRPN;N_0143.jpg
FOSL;N_0144.jpg
DISCK;N_0145.jpg
LINE;N_0146.jpg
XRAY;N_0147.jpg
MOLX;N_0148.jpg
CREE;N_0149.jpg
HAS;N_0150.jpg
SHLD;N_0151.jpg
GOLD;N_0152.jpg
MRVL;N_0153.jpg
CTRP;N_0154.jpg
SPLK;N_0155.jpg
FFIV;N_0156.jpg
NCLH;N_0157.jpg
CTAS;N_0158.jpg
FSLR;N_0159.jpg
SFM;N_0160.jpg
JAZZ;N_0161.jpg
NDAQ;N_0162.jpg
MEOH;N_0163.jpg
SSYS;N_0164.jpg
URBN;N_0165.jpg
LECO;N_0166.jpg
SEIC;N_0167.jpg
HOLX;N_0168.jpg
SINA;N_0169.jpg
SNPS;N_0170.jpg
SLXP;N_0171.jpg
IDXX;N_0172.jpg
QGEN;N_0173.jpg
CNQR;N_0174.jpg
ZION;N_0175.jpg
GT;N_0176.jpg
DNKN;N_0177.jpg
ALKS;N_0178.jpg
ETFC;N_0179.jpg
SGEN;N_0180.jpg
CSGP;N_0181.jpg
ARCC;N_0182.jpg
OTEX;N_0183.jpg
SBNY;N_0184.jpg
MELI;N_0185.jpg
NUAN;N_0186.jpg
WIN;N_0187.jpg
SWKS;N_0188.jpg
ATHN;N_0189.jpg
IACI;N_0190.jpg
JKHY;N_0191.jpg
FTR;N_0192.jpg
HCBK;N_0193.jpg
PNRA;N_0194.jpg
AMCX;N_0195.jpg
EWBC;N_0196.jpg
LAMR;N_0197.jpg
CBST;N_0198.jpg
PBCT;N_0199.jpg
UTHR;N_0200.jpg
PDCO;N_0201.jpg
MDVN;N_0202.jpg
NDSN;N_0203.jpg
SCTY;N_0204.jpg
FLEX;N_0205.jpg
GPOR;N_0206.jpg
SATS;N_0207.jpg
FEYE;N_0208.jpg
SIVB;N_0209.jpg
LVNTA;N_0210.jpg
LSI;N_0211.jpg
CBOE;N_0212.jpg
ALGN;N_0213.jpg
UHAL;N_0214.jpg
ULTI;N_0215.jpg
MSG;N_0216.jpg
LPLA;N_0217.jpg
BOKF;N_0218.jpg
CBSH;N_0219.jpg
INFA;N_0220.jpg
MIDD;N_0221.jpg
STLD;N_0222.jpg
GNTX;N_0223.jpg
ODFL;N_0224.jpg
FLIR;N_0225.jpg
TWTC;N_0226.jpg
NETC;N_0227.jpg
SPWR;N_0228.jpg
MCRS;N_0229.jpg
HAIN;N_0230.jpg
ACAS;N_0231.jpg
CPRT;N_0232.jpg
GLPI;
PPC;N_0234.jpg
FNFG;N_0235.jpg
HDS;N_0236.jpg
NATI;N_0237.jpg
SIRO;N_0238.jpg
THRX;N_0239.jpg
TIBX;N_0240.jpg
PMTC;N_0241.jpg
MORN;N_0242.jpg
UBNT;N_0243.jpg
FEIC;N_0244.jpg
QCOR;N_0245.jpg
ISIS;N_0246.jpg
CAR;N_0247.jpg
FMER;N_0248.jpg
TFSL;N_0249.jpg
CDNS;N_0250.jpg
CVLT;N_0251.jpg
SYNT;N_0252.jpg
PTEN;N_0253.jpg
BRCD;N_0254.jpg
UNFI;N_0255.jpg
CDW;N_0256.jpg
SPIL;N_0257.jpg
IPGP;N_0258.jpg
AZPN;N_0259.jpg
NWS;N_0260.jpg
PSMT;N_0261.jpg
WEN;N_0262.jpg
AHGP;N_0263.jpg
ASNA;N_0264.jpg
BBRY;N_0265.jpg
ROSE;N_0266.jpg
QUNR;N_0267.jpg
ASPS;N_0268.jpg
SSNC;N_0269.jpg
ERIE;N_0270.jpg
Z;N_0271.jpg
VPHM;N_0272.jpg
STRZA;N_0273.jpg
SAVE;N_0274.jpg
PSEC;N_0275.jpg
FTNT;N_0276.jpg
TECH;N_0277.jpg
ALNY;N_0278.jpg
MOLXA;N_0279.jpg
BRKR;N_0280.jpg
ONNN;N_0281.jpg
BLMN;N_0282.jpg
ZNGA;N_0283.jpg
RGLD;N_0284.jpg
GLNG;N_0285.jpg
ATML;N_0286.jpg
AWAY;N_0287.jpg
AFSI;N_0288.jpg
HSNI;N_0289.jpg
FDML;N_0290.jpg
RRD;N_0291.jpg
ANAT;N_0292.jpg
MDSO;N_0293.jpg
SLGN;N_0294.jpg
FNGN;N_0295.jpg
APOL;N_0296.jpg
GTLS;N_0297.jpg
CASY;N_0298.jpg
COMM;N_0299.jpg
FWLT;N_0300.jpg
CACC;N_0301.jpg
YY;N_0302.jpg
RVBD;N_0303.jpg
FIVE;N_0304.jpg
CPHD;N_0305.jpg
JDSU;N_0306.jpg
BPOP;N_0307.jpg
PRAA;N_0308.jpg
UMBF;N_0309.jpg
CGNX;N_0310.jpg
VSAT;N_0311.jpg
ARLP;N_0312.jpg
HBHC;N_0313.jpg
BWLD;N_0314.jpg
ORIG;N_0315.jpg
ASBC;N_0316.jpg
DWA;N_0317.jpg
WWD;N_0318.jpg
CZR;N_0319.jpg
DECK;N_0320.jpg
ISBC;N_0321.jpg
CBRL;N_0322.jpg
WOOF;N_0323.jpg
NPSP;N_0324.jpg
SHOO;N_0325.jpg
ZBRA;N_0326.jpg
LSTR;N_0327.jpg
MKTX;N_0328.jpg
NICE;N_0329.jpg
MDRX;N_0330.jpg
SOHU;N_0331.jpg
MENT;N_0332.jpg
CSOD;N_0333.jpg
SBGI;N_0334.jpg
CAKE;N_0335.jpg
ACXM;N_0336.jpg
FANG;N_0337.jpg
POOL;N_0338.jpg
PRXL;N_0339.jpg
LPNT;N_0340.jpg
ICLR;N_0341.jpg
TFM;N_0342.jpg
THOR;N_0343.jpg
ARCP;N_0344.jpg
JBLU;N_0345.jpg
GOGO;N_0346.jpg
MDCO;N_0347.jpg
ARRS;N_0348.jpg
ACIW;N_0349.jpg
FULT;N_0350.jpg
CPWR;N_0351.jpg
WAFD;N_0352.jpg
XTEX;N_0353.jpg
COLM;N_0354.jpg
DXCM;N_0355.jpg
AEGR;N_0356.jpg
ESLT;N_0357.jpg
QLIK;N_0358.jpg
LANC;N_0359.jpg
SUSQ;N_0360.jpg
ACHC;N_0361.jpg
HOMB;N_0362.jpg
CIEN;N_0363.jpg
ABCO;N_0364.jpg
CONN;N_0365.jpg
VNR;N_0366.jpg
QIWI;N_0367.jpg
LORL;N_0368.jpg
ESGR;N_0369.jpg
EEFT;N_0370.jpg
SAPE;N_0371.jpg
JCOM;N_0372.jpg
JOBS;N_0373.jpg
MSCC;N_0374.jpg
PDCE;N_0375.jpg
TCBI;N_0376.jpg
SNTS;N_0377.jpg
MANH;N_0378.jpg
EXXI;N_0379.jpg
SMTC;N_0380.jpg
FCNCA;N_0381.jpg
GBCI;N_0382.jpg
ACAD;N_0383.jpg
FNSR;N_0384.jpg
AKRX;N_0385.jpg
LOPE;N_0386.jpg
MWIV;N_0387.jpg
PVTB;N_0388.jpg
ASMI;N_0389.jpg
AIRM;N_0390.jpg
PODD;N_0391.jpg
ARUN;N_0392.jpg
TECD;N_0393.jpg
CLDX;N_0394.jpg
CATY;N_0395.jpg
CLMT;N_0396.jpg
ALGT;N_0397.jpg
OPEN;N_0398.jpg
RP;N_0399.jpg
FFIN;N_0400.jpg
ICON;N_0401.jpg
AINV;N_0402.jpg
UMPQ;N_0403.jpg
CTCM;N_0404.jpg
FELE;N_0405.jpg
TXRH;N_0406.jpg
LNCE;N_0407.jpg
JACK;N_0408.jpg
STSA;N_0409.jpg
MYGN;N_0410.jpg
VRNT;N_0411.jpg
CAVM;N_0412.jpg
IGTE;N_0413.jpg
HITT;N_0414.jpg
LFUS;N_0415.jpg
CRTO;N_0416.jpg
OUTR;N_0417.jpg
VRTS;N_0418.jpg
CATM;N_0419.jpg
HMSY;N_0420.jpg
HCSG;N_0421.jpg
OZRK;N_0422.jpg
SFLY;N_0423.jpg
WSTC;N_0424.jpg
TRMK;N_0425.jpg
BBEP;N_0426.jpg
TTEK;N_0427.jpg
TRAK;N_0428.jpg
PCRX;N_0429.jpg
RCII;N_0430.jpg
VPRT;N_0431.jpg
MLHR;N_0432.jpg
CFFN;N_0433.jpg
MNKD;N_0434.jpg
FUEL;N_0435.jpg
IBKC;N_0436.jpg
EFII;N_0437.jpg
WTFC;N_0438.jpg
CRZO;N_0439.jpg
WETF;N_0440.jpg
FCFS;N_0441.jpg
MINI;N_0442.jpg
USTR;N_0443.jpg
ADVS;N_0444.jpg
TTWO;N_0445.jpg
ROVI;N_0446.jpg
GMLP;N_0447.jpg
PACW;N_0448.jpg
PEGA;N_0449.jpg
CCOI;N_0450.jpg
BECN;N_0451.jpg
DORM;N_0452.jpg
OLED;N_0453.jpg
HMIN;N_0454.jpg
WERN;N_0455.jpg
EVEP;N_0456.jpg
SLAB;N_0457.jpg
LOGI;N_0458.jpg
ITRI;N_0459.jpg
PZZA;N_0460.jpg
NEOG;N_0461.jpg
TRS;N_0462.jpg
PAAS;N_0463.jpg
MBFI;N_0464.jpg
MGLN;N_0465.jpg
HLSS;N_0466.jpg
SALE;N_0467.jpg
BCPC;N_0468.jpg
BLKB;N_0469.jpg
WBMD;N_0470.jpg
CYBX;N_0471.jpg
IBOC;N_0472.jpg
POWI;N_0473.jpg
GEVA;N_0474.jpg
HTHT;N_0475.jpg
IPXL;N_0476.jpg
COHR;N_0477.jpg
TIVO;N_0478.jpg
CSTE;N_0479.jpg
MASI;N_0480.jpg
UTIW;N_0481.jpg
CLVS;N_0482.jpg
LGCY;N_0483.jpg
SYNA;N_0484.jpg
HIMX;N_0485.jpg
HIBB;N_0486.jpg
PCH;N_0487.jpg
SGMS;N_0488.jpg
FCS;N_0489.jpg
MKSI;N_0490.jpg
ISCA;N_0491.jpg
CVBF;N_0492.jpg
ANDE;N_0493.jpg
NPBC;N_0494.jpg
EGOV;N_0495.jpg
CYOU;N_0496.jpg
UBSI;N_0497.jpg
MAKO;N_0498.jpg
MLNX;N_0499.jpg
JJSF;N_0500.jpg
SAFM;N_0501.jpg
EDMC;N_0502.jpg
ROLL;N_0503.jpg
PLCM;N_0504.jpg
IDTI;N_0505.jpg
CHDN;N_0506.jpg
MNRO;N_0507.jpg
ONB;N_0508.jpg
HALO;N_0509.jpg
OSIS;N_0510.jpg
HTLD;N_0511.jpg
BOBE;N_0512.jpg
HELE;N_0513.jpg
SIGI;N_0514.jpg
XTXI;N_0515.jpg
SCBT;N_0516.jpg
NUVA;N_0517.jpg
HTWR;N_0518.jpg
EXLP;N_0519.jpg
CSIQ;N_0520.jpg
LMCB;N_0521.jpg
SPRD;N_0522.jpg
EIGI;N_0523.jpg
IART;N_0524.jpg
WPRT;N_0525.jpg
PRIM;N_0526.jpg
RFMD;N_0527.jpg
ENTG;N_0528.jpg
PTNR;N_0529.jpg
FSRV;N_0530.jpg
MSTR;N_0531.jpg
AMSG;N_0532.jpg
WABC;N_0533.jpg
VCLK;N_0534.jpg
IILG;N_0535.jpg
JOSB;N_0536.jpg
NXST;N_0537.jpg
WWWW;N_0538.jpg
FSC;N_0539.jpg
ACOR;N_0540.jpg
CY;N_0541.jpg
QSII;N_0542.jpg
COLB;N_0543.jpg
IDCC;N_0544.jpg
DXPE;N_0545.jpg
HUBG;N_0546.jpg
HURN;N_0547.jpg
MDAS;N_0548.jpg
PRGS;N_0549.jpg
ADTN;N_0550.jpg
ISIL;N_0551.jpg
SNCR;N_0552.jpg
PLXS;N_0553.jpg
ININ;N_0554.jpg
NWBI;N_0555.jpg
DRYS;N_0556.jpg
GEOS;N_0557.jpg
CMLS;N_0558.jpg
WMGI;N_0559.jpg
AIXG;N_0560.jpg
SHFL;N_0561.jpg
CSRE;N_0562.jpg
TTEC;N_0563.jpg
TILE;N_0564.jpg
GGAL;N_0565.jpg
FINL;N_0566.jpg
OMAB;N_0567.jpg
MGEE;N_0568.jpg
MEMP;N_0569.jpg
FWRD;N_0570.jpg
FMBI;N_0571.jpg
NKTR;N_0572.jpg
LEAP;N_0573.jpg
CRUS;N_0574.jpg
GTAT;N_0575.jpg
NDLS;N_0576.jpg
SANM;N_0577.jpg
EPAY;N_0578.jpg
PDLI;N_0579.jpg
CALM;N_0580.jpg
RAVN;N_0581.jpg
IMGN;N_0582.jpg
MPWR;N_0583.jpg
GSM;N_0584.jpg
MKTO;N_0585.jpg
MMLP;N_0586.jpg
KALU;N_0587.jpg
BBCN;N_0588.jpg
NTCT;N_0589.jpg
HAWK;N_0590.jpg
PLCE;N_0591.jpg
IIJI;N_0592.jpg
MGI;N_0593.jpg
TQNT;N_0594.jpg
BCOR;N_0595.jpg
NTGR;N_0596.jpg
CROX;N_0597.jpg
ECPG;N_0598.jpg
GIII;N_0599.jpg
MFRM;N_0600.jpg
AMKR;N_0601.jpg
GK;N_0602.jpg
IRWD;N_0603.jpg
GAME;N_0604.jpg
TSRO;N_0605.jpg
PMCS;N_0606.jpg
CBF;N_0607.jpg
BGCP;N_0608.jpg
IBKR;N_0609.jpg
VECO;N_0610.jpg
CLNE;N_0611.jpg
GLRE;N_0612.jpg
IPAR;N_0613.jpg
SCSC;N_0614.jpg
SODA;N_0615.jpg
ALOG;N_0616.jpg
FIBK;N_0617.jpg
VOLC;N_0618.jpg
LXRX;N_0619.jpg
EVAC;N_0620.jpg
HERO;N_0621.jpg
CRWN;N_0622.jpg
RRGB;N_0623.jpg
AGII;N_0624.jpg
VNET;N_0625.jpg
STEI;N_0626.jpg
ASCMA;N_0627.jpg
TYPE;N_0628.jpg
WDFC;N_0629.jpg
PNFP;N_0630.jpg
PENN;N_0631.jpg
SCSS;N_0632.jpg
RUSHA;N_0633.jpg
MATW;N_0634.jpg
ARNA;N_0635.jpg
ELGX;N_0636.jpg
FRGI;N_0637.jpg
NTK;N_0638.jpg
LNCO;N_0639.jpg
SONC;N_0640.jpg
XOOM;N_0641.jpg
PFPT;N_0642.jpg
RDEN;N_0643.jpg
IOSP;N_0644.jpg
NCMI;N_0645.jpg
INFN;N_0646.jpg
ABMD;N_0647.jpg
OTTR;N_0648.jpg
GHDX;N_0649.jpg
SCAI;N_0650.jpg
MANT;N_0651.jpg
QLGC;N_0652.jpg
WRLD;N_0653.jpg
NBTB;N_0654.jpg
SNHY;N_0655.jpg
ROIC;N_0656.jpg
AMAP;N_0657.jpg
IPHS;N_0658.jpg
MTGE;N_0659.jpg
PTLA;N_0660.jpg
UFPI;N_0661.jpg
KERX;N_0662.jpg
ITMN;N_0663.jpg
MDCA;N_0664.jpg
BNFT;N_0665.jpg
CNMD;N_0666.jpg
WIRE;N_0667.jpg
VRA;N_0668.jpg
TSRA;N_0669.jpg
MTSC;N_0670.jpg
VIVO;N_0671.jpg
AAON;N_0672.jpg
SCOR;N_0673.jpg
PINC;N_0674.jpg
SPSC;N_0675.jpg
BOFI;N_0676.jpg
LGND;N_0677.jpg
REXX;N_0678.jpg
AFCE;N_0679.jpg
SHLM;N_0680.jpg
XXIA;N_0681.jpg
ARII;N_0682.jpg
HEES;N_0683.jpg
SLRC;N_0684.jpg
CCMP;N_0685.jpg
EXEL;N_0686.jpg
IPCM;N_0687.jpg
SBRA;N_0688.jpg
ARTC;N_0689.jpg
RMBS;N_0690.jpg
AMBC;N_0691.jpg
BRLI;N_0692.jpg
EXPO;N_0693.jpg
DYAX;N_0694.jpg
APOG;N_0695.jpg
SCHL;N_0696.jpg
AUXL;N_0697.jpg
IIVI;N_0698.jpg
IRBT;N_0699.jpg
CSGS;N_0700.jpg
AAWW;N_0701.jpg
ICPT;N_0702.jpg
NSIT;N_0703.jpg
DIOD;N_0704.jpg
KLIC;N_0705.jpg
UCBI;N_0706.jpg
ENSG;N_0707.jpg
HOLI;N_0708.jpg
HSTM;N_0709.jpg
MGRC;N_0710.jpg
BPFH;N_0711.jpg
FARO;N_0712.jpg
AREX;N_0713.jpg
VVUS;N_0714.jpg
PWRD;N_0715.jpg
ATMI;N_0716.jpg
INSY;N_0717.jpg
VRTU;N_0718.jpg
CRAY;N_0719.jpg
ICUI;N_0720.jpg
RNST;N_0721.jpg
CWEI;N_0722.jpg
AEIS;N_0723.jpg
FFBC;N_0724.jpg
SYKE;N_0725.jpg
TASR;N_0726.jpg
BDBD;N_0727.jpg
ZUMZ;N_0728.jpg
RPXC;N_0729.jpg
CHFC;N_0730.jpg
LQDT;N_0731.jpg
ATNI;N_0732.jpg
MGAM;N_0733.jpg
MNTA;N_0734.jpg
VPFG;N_0735.jpg
MHLD;N_0736.jpg
SPNC;N_0737.jpg
DSGX;N_0738.jpg
NAVG;N_0739.jpg
CORE;N_0740.jpg
PEGI;N_0741.jpg
MEAS;N_0742.jpg
EROC;N_0743.jpg
TLAB;N_0744.jpg
ATRO;N_0745.jpg
PBPB;N_0746.jpg
FIZZ;N_0747.jpg
CRVL;N_0748.jpg
WSBC;N_0749.jpg
CTCT;N_0750.jpg
THRM;N_0751.jpg
FRAN;N_0752.jpg
CAMP;N_0753.jpg
BANF;N_0754.jpg
SAFT;N_0755.jpg
ASIA;N_0756.jpg
MKTG;N_0757.jpg
EHTH;N_0758.jpg
RDA;N_0759.jpg
QDEL;N_0760.jpg
TRNX;N_0761.jpg
OVTI;N_0762.jpg
AIMC;N_0763.jpg
AEGN;N_0764.jpg
STNR;N_0765.jpg
OMCL;N_0766.jpg
INDB;N_0767.jpg
CPLA;N_0768.jpg
SKYW;N_0769.jpg
SONS;N_0770.jpg
SCHN;N_0771.jpg
STFC;N_0772.jpg
LINTB;N_0773.jpg
ABFS;N_0774.jpg
NRCIB;N_0775.jpg
KELYA;N_0776.jpg
EXAS;N_0777.jpg
UACL;N_0778.jpg
AMCC;N_0779.jpg
ANGI;N_0780.jpg
NMIH;N_0781.jpg
XONE;N_0782.jpg
SAIA;N_0783.jpg
EXLS;N_0784.jpg
NVDQ;N_0785.jpg
ABAX;N_0786.jpg
BNCL;N_0787.jpg
FLDM;N_0788.jpg
IPCC;N_0789.jpg
SRCE;N_0790.jpg
ASTE;N_0791.jpg
BANR;N_0792.jpg
OPHT;N_0793.jpg
KYTH;N_0794.jpg
CSII;N_0795.jpg
STMP;N_0796.jpg
JIVE;N_0797.jpg
BJRI;N_0798.jpg
GBDC;N_0799.jpg
CNSL;N_0800.jpg
LOGM;N_0801.jpg
CENX;N_0802.jpg
LMNX;N_0803.jpg
PNNT;N_0804.jpg
POWL;N_0805.jpg
SREV;N_0806.jpg
BSFT;N_0807.jpg
NWLI;N_0808.jpg
DMLP;N_0809.jpg
SGNT;N_0810.jpg
FORR;N_0811.jpg
CBPO;N_0812.jpg
EGBN;N_0813.jpg
AMSF;N_0814.jpg
HLIT;N_0815.jpg
TTMI;N_0816.jpg
TESO;N_0817.jpg
APEI;N_0818.jpg
CPLP;N_0819.jpg
ORIT;N_0820.jpg
GENT;N_0821.jpg
RPTP;N_0822.jpg
RDWR;N_0823.jpg
PSIX;N_0824.jpg
NFBK;N_0825.jpg
ACAT;N_0826.jpg
UFCS;N_0827.jpg
CHCO;N_0828.jpg
GIVN;N_0829.jpg
STBA;N_0830.jpg
GERN;N_0831.jpg
ACTG;N_0832.jpg
EZCH;N_0833.jpg
BLDR;N_0834.jpg
SMRT;N_0835.jpg
BKCC;N_0836.jpg
ZINC;N_0837.jpg
ARRY;N_0838.jpg
SFXE;N_0839.jpg
CNSI;N_0840.jpg
LONG;N_0841.jpg
MGNX;N_0842.jpg
REMY;N_0843.jpg
MTSI;N_0844.jpg
SWHC;N_0845.jpg
NEWS;N_0846.jpg
EGHT;N_0847.jpg
KRNY;N_0848.jpg
CTBI;N_0849.jpg
PDFS;N_0850.jpg
BRKS;N_0851.jpg
MMSI;N_0852.jpg
UTEK;N_0853.jpg
TAYC;N_0854.jpg
KFRC;N_0855.jpg
BV;N_0856.jpg
TBBK;N_0857.jpg
QLYS;N_0858.jpg
APSA;N_0859.jpg
RSTI;N_0860.jpg
CPSI;N_0861.jpg
TTS;N_0862.jpg
ICFI;N_0863.jpg
SHOS;N_0864.jpg
EOPN;N_0865.jpg
BABY;N_0866.jpg
ECOL;N_0867.jpg
FOXF;N_0868.jpg
MOVE;N_0869.jpg
RNET;N_0870.jpg
INFI;N_0871.jpg
EZPW;N_0872.jpg
PRFT;N_0873.jpg
LSCC;N_0874.jpg
CASS;N_0875.jpg
TNGO;N_0876.jpg
SASR;N_0877.jpg
TRST;N_0878.jpg
TGA;N_0879.jpg
NEWP;N_0880.jpg
AVNR;N_0881.jpg
WIX;N_0882.jpg
NVAX;N_0883.jpg
STKL;N_0884.jpg
ICGE;N_0885.jpg
WSFS;N_0886.jpg
GBLI;N_0887.jpg
LPSN;N_0888.jpg
WIBC;N_0889.jpg
SMCI;N_0890.jpg
HAYN;N_0891.jpg
BBSI;N_0892.jpg
PHIIK;N_0893.jpg
LABL;N_0894.jpg
ARAY;N_0895.jpg
PACT          ;N_0896.jpg
BRKL;N_0897.jpg
AVAV;N_0898.jpg
SGMO;N_0899.jpg
DENN;N_0900.jpg
UBSH;N_0901.jpg
CHEF;N_0902.jpg
FTD;N_0903.jpg
SHEN;N_0904.jpg
CHUY;N_0905.jpg
OSTK;N_0906.jpg
FFIC;N_0907.jpg
COKE;N_0908.jpg
DRIV;N_0909.jpg
IMKTA;N_0910.jpg
AMBA;N_0911.jpg
MRTN;N_0912.jpg
SQI;N_0913.jpg
HAFC;N_0914.jpg
HITK;N_0915.jpg
INSM;N_0916.jpg
DCOM;N_0917.jpg
ROMA;N_0918.jpg
EXTR;N_0919.jpg
SPPI;N_0920.jpg
LKFN;N_0921.jpg
NBIX;N_0922.jpg
PHII;N_0923.jpg
IDIX;N_0924.jpg
AGIO;N_0925.jpg
PRTA;N_0926.jpg
IMOS;N_0927.jpg
ZLTQ;N_0928.jpg
NXTM;N_0929.jpg
FRED;N_0930.jpg
ANAC;N_0931.jpg
DGICB;N_0932.jpg
MMYT;N_0933.jpg
SZYM;N_0934.jpg
BCOM;N_0935.jpg
FRME;N_0936.jpg
FMI;N_0937.jpg
ZOLT;N_0938.jpg
NILE;N_0939.jpg
UEIC;N_0940.jpg
STBZ;N_0941.jpg
PCO;N_0942.jpg
AFFX;N_0943.jpg
EPZM;N_0944.jpg
TRIB;N_0945.jpg
OREX;N_0946.jpg
RMTI;N_0947.jpg
STAN;N_0948.jpg
DISCB;N_0949.jpg
NTRI;N_0950.jpg
VCBI;N_0951.jpg
SWIR;N_0952.jpg
MTRX;N_0953.jpg
PCCC;N_0954.jpg
SFNC;N_0955.jpg
EPIQ;N_0956.jpg
TICC;N_0957.jpg
TCRD;N_0958.jpg
WASH;N_0959.jpg
ORBK;N_0960.jpg
LDRH;N_0961.jpg
ANGO;N_0962.jpg
DMND;N_0963.jpg
ASEI;N_0964.jpg
ACET;N_0965.jpg
STEL;N_0966.jpg
MDXG;N_0967.jpg
XLRN;N_0968.jpg
SRPT;N_0969.jpg
EAGL;N_0970.jpg
CYNO;N_0971.jpg
ATRI;N_0972.jpg
UEPS;N_0973.jpg
ENZY          ;N_0974.jpg
TCPC;N_0975.jpg
MCRL;N_0976.jpg
GNMK;N_0977.jpg
CKEC;N_0978.jpg
OSIR;N_0979.jpg
MERC;N_0980.jpg
CRRS;N_0981.jpg
GLDD;N_0982.jpg
DAKT;N_0983.jpg
ELNK;N_0984.jpg
PICO;N_0985.jpg
ROCK;N_0986.jpg
SCVL;N_0987.jpg
CFNL;N_0988.jpg
ENOC;N_0989.jpg
GWPH;N_0990.jpg
EBSB;
CMCO;N_0992.jpg
RECN;N_0993.jpg
MYRG;N_0994.jpg
ACCL;N_0995.jpg
CVCO;N_0996.jpg
KMDA;N_0997.jpg
AXDX;N_0998.jpg
AMAG;N_0999.jpg
SPTN;N_1000.jpg
STB;N_1001.jpg
CRESY;N_1002.jpg
REGI;N_1003.jpg
KCLI;N_1004.jpg
EBIX;N_1005.jpg
CADX;N_1006.jpg
DLLR;N_1007.jpg
NBCB;N_1008.jpg
CSWC;N_1009.jpg
CMTL;N_1010.jpg
ATRS;N_1011.jpg
TUES;N_1012.jpg
HPTX;N_1013.jpg
STAA;N_1014.jpg
VLGEA;N_1015.jpg
SSRI;N_1016.jpg
DFRG;N_1017.jpg
NIHD;N_1018.jpg
HTLF;N_1019.jpg
IBTX;N_1020.jpg
AMWD;N_1021.jpg
RJET;N_1022.jpg
PLAB;N_1023.jpg
ADES;N_1024.jpg
BUSE;N_1025.jpg
NATL;N_1026.jpg
GPRE;N_1027.jpg
SBSI;N_1028.jpg
RUTH;N_1029.jpg
ULTR;N_1030.jpg
JASO;N_1031.jpg
RBCAA;N_1032.jpg
BLUE;N_1033.jpg
KBALB;N_1034.jpg
NTLS;N_1035.jpg
RENT;N_1036.jpg
ECHO;N_1037.jpg
ENT;N_1038.jpg
BMTC;N_1039.jpg
PKOH;N_1040.jpg
PFMT;N_1041.jpg
CONE;N_1042.jpg
ABCB;N_1043.jpg
COWN;N_1044.jpg
THFF;N_1045.jpg
PGTI;N_1046.jpg
RCPT;N_1047.jpg
KPTI;N_1048.jpg
COVS;N_1049.jpg
SEAC;N_1050.jpg
ATSG;N_1051.jpg
FSTR;N_1052.jpg
SHOR;N_1053.jpg
LMOS;N_1054.jpg
PETX;N_1055.jpg
TOWN;N_1056.jpg
CVGW;N_1057.jpg
ARIA;N_1058.jpg
AMED;N_1059.jpg
BEBE;N_1060.jpg
ALLT;N_1061.jpg
ITRN;N_1062.jpg
DEPO;N_1063.jpg
NLNK;N_1064.jpg
AMRI;N_1065.jpg
STCK;N_1066.jpg
ELRC;N_1067.jpg
COBZ;N_1068.jpg
SYBT;N_1069.jpg
HA;N_1070.jpg
NYMT;N_1071.jpg
BCOV;N_1072.jpg
MCEP;N_1073.jpg
DEST;N_1074.jpg
VNDA;N_1075.jpg
CCIX;N_1076.jpg
MITL;N_1077.jpg
HWAY;N_1078.jpg
ENTR;N_1079.jpg
IRDM;N_1080.jpg
ANIK;N_1081.jpg
CMRX;N_1082.jpg
SIMO;N_1083.jpg
LBAI;N_1084.jpg
KEYW;N_1085.jpg
AVHI;N_1086.jpg
DGICA;N_1087.jpg
TCBK;N_1088.jpg
APAGF;N_1089.jpg
CERS;N_1090.jpg
SGI;N_1091.jpg
OFIX;N_1092.jpg
SAAS;N_1093.jpg
STRA;N_1094.jpg
SIMG;N_1095.jpg
CMGE;N_1096.jpg
CALD;N_1097.jpg
BDE;N_1098.jpg
SYUT;N_1099.jpg
CUBI;N_1100.jpg
EAGLU;N_1101.jpg
ELOS;N_1102.jpg
BGFV;N_1103.jpg
PLUS;N_1104.jpg
BBOX;N_1105.jpg
GTIV;N_1106.jpg
RGEN;N_1107.jpg
GASS;N_1108.jpg
NANO;N_1109.jpg
SGYP;N_1110.jpg
CECE;N_1111.jpg
WILN;N_1112.jpg
RTK;N_1113.jpg
ISRL;N_1114.jpg
VOXX;N_1115.jpg
ZGNX;N_1116.jpg
PTCT;N_1117.jpg
ARDNA;N_1118.jpg
GNCMA;N_1119.jpg
INTL;N_1120.jpg
BIOS;N_1121.jpg
IQNT;N_1122.jpg
DNDN;N_1123.jpg
ECYT;N_1124.jpg
CPST;N_1125.jpg
CTRL;N_1126.jpg
KTOS;N_1127.jpg
TITN;N_1128.jpg
FURX;N_1129.jpg
OSUR;N_1130.jpg
CGEN;N_1131.jpg
XOMA;N_1132.jpg
WINA;N_1133.jpg
INAP;N_1134.jpg
DHIL;N_1135.jpg
HWKN;N_1136.jpg
CENT;N_1137.jpg
CRMT;N_1138.jpg
DTSI;N_1139.jpg
GSBC;N_1140.jpg
EMCI;N_1141.jpg
BIRT;N_1142.jpg
BWINA;N_1143.jpg
PLPC;N_1144.jpg
CEMP;N_1145.jpg
QNST;N_1146.jpg
GIFI;N_1147.jpg
MONT;N_1148.jpg
ANEN;N_1149.jpg
HSOL;N_1150.jpg
LIOX;N_1151.jpg
GSIG;N_1152.jpg
TAXI;N_1153.jpg
PCOM;N_1154.jpg
PRSC;N_1155.jpg
CTWS;N_1156.jpg
GABC;N_1157.jpg
FLIC;N_1158.jpg
LHCG;N_1159.jpg
ENTA;N_1160.jpg
EFSC;N_1161.jpg
IXYS;N_1162.jpg
BONA;N_1163.jpg
RLOC;N_1164.jpg
OMED;N_1165.jpg
IMMR;N_1166.jpg
RCKB;N_1167.jpg
TSC;N_1168.jpg
FORTY;N_1169.jpg
PRKR;N_1170.jpg
DVAX;N_1171.jpg
VICR;N_1172.jpg
NWPX;N_1173.jpg
NAFC;N_1174.jpg
TREE;N_1175.jpg
BNCN;N_1176.jpg
PATR;N_1177.jpg
LION;N_1178.jpg
VASC;N_1179.jpg
ACRX;N_1180.jpg
RTEC;N_1181.jpg
RPRX;N_1182.jpg
SIFY;N_1183.jpg
KONG;N_1184.jpg
AXAS;N_1185.jpg
BCRX;N_1186.jpg
MSEX;N_1187.jpg
GCOM;N_1188.jpg
DXLG;N_1189.jpg
CSBK;N_1190.jpg
MSFG;N_1191.jpg
DGIT;N_1192.jpg
SVA;N_1193.jpg
WSBF;N_1194.jpg
CEVA;N_1195.jpg
MCGC;N_1196.jpg
ISSI;N_1197.jpg
PTRY;N_1198.jpg
ENPH;N_1199.jpg
GSJK;N_1200.jpg
HCCI;N_1201.jpg
FLWS;N_1202.jpg
APFC;N_1203.jpg
GLPW;N_1204.jpg
UVSP;N_1205.jpg
MRCY;N_1206.jpg
SRDX;N_1207.jpg
BWINB;N_1208.jpg
AVID;N_1209.jpg
USMO;N_1210.jpg
AROW;N_1211.jpg
HTBI;N_1212.jpg
HSII;N_1213.jpg
PATK;N_1214.jpg
CHSCO;N_1215.jpg
TZOO;N_1216.jpg
INWK;N_1217.jpg
FCBC;N_1218.jpg
TIPT;N_1219.jpg
HNH;N_1220.jpg
MRLN;N_1221.jpg
FISI;N_1222.jpg
LMNR;N_1223.jpg
YONG;N_1224.jpg
CSFL;N_1225.jpg
CTG;N_1226.jpg
SILC;N_1227.jpg
STML;N_1228.jpg
EXAC;N_1229.jpg
ATRC;N_1230.jpg
EGAN;N_1231.jpg
KIRK;N_1232.jpg
UBNK;N_1233.jpg
SENEA;N_1234.jpg
USLM;N_1235.jpg
LNDC;N_1236.jpg
SHLO;N_1237.jpg
DRTX;N_1238.jpg
USCR;N_1239.jpg
CLUB;N_1240.jpg
BOOM;N_1241.jpg
METR;N_1242.jpg
CARB;N_1243.jpg
LAYN;N_1244.jpg
PETS;N_1245.jpg
IRG;N_1246.jpg
WEYS;N_1247.jpg
OKSB;N_1248.jpg
NNBR;N_1249.jpg
VIAS;N_1250.jpg
OCFC;N_1251.jpg
OPLK;N_1252.jpg
AEPI;N_1253.jpg
HZNP;N_1254.jpg
CAC;N_1255.jpg
CECO;N_1256.jpg
TESS;N_1257.jpg
IIIN;N_1258.jpg
MFLX;N_1259.jpg
FISH;N_1260.jpg
ATAX;N_1261.jpg
GALE;N_1262.jpg
WMAR;N_1263.jpg
IMMU;N_1264.jpg
SYMM;N_1265.jpg
RAIL;N_1266.jpg
FARM;N_1267.jpg
BEAT;N_1268.jpg
BBRG;N_1269.jpg
PKT;N_1270.jpg
TWIN;N_1271.jpg
ESIO;N_1272.jpg
ISLE;N_1273.jpg
POPE;N_1274.jpg
FBRC;N_1275.jpg
TEAR;N_1276.jpg
BREW;N_1277.jpg
LTXC;N_1278.jpg
CETV;N_1279.jpg
QLTY;N_1280.jpg
CCNE;N_1281.jpg
ZIOP;N_1282.jpg
NATR;N_1283.jpg
MBII;N_1284.jpg
PSTB;N_1285.jpg
MCRI;N_1286.jpg
UNIS;N_1287.jpg
ORBC;N_1288.jpg
VDSI;N_1289.jpg
PLXT;N_1290.jpg
BKMU;N_1291.jpg
ATX;N_1292.jpg
HMST;N_1293.jpg
FBNC;N_1294.jpg
GBNK;N_1295.jpg
ZEUS;N_1296.jpg
STRZB;N_1297.jpg
SNBC;N_1298.jpg
BAGL;N_1299.jpg
ADUS;N_1300.jpg
UCTT;N_1301.jpg
PACR;N_1302.jpg
FDUS;N_1303.jpg
LWAY;N_1304.jpg
FCEL;N_1305.jpg
XRTX;N_1306.jpg
BBNK;N_1307.jpg
JBSS;N_1308.jpg
WTSL;N_1309.jpg
MCHX;N_1310.jpg
SLMBP;N_1311.jpg
BONT;N_1312.jpg
HCOM;N_1313.jpg
FORM;N_1314.jpg
TNAV;N_1315.jpg
SNSS;N_1316.jpg
SCMP;N_1317.jpg
GOOD;N_1318.jpg
BKEPP;N_1319.jpg
SUPX;N_1320.jpg
JOUT;N_1321.jpg
ZIXI;N_1322.jpg
MZOR;N_1323.jpg
SNTA;N_1324.jpg
ZIGO;N_1325.jpg
ARWR;N_1326.jpg
KCAP;N_1327.jpg
AFOP;N_1328.jpg
PACB;N_1329.jpg
ALCO;N_1330.jpg
CHDX;N_1331.jpg
MCBI;N_1332.jpg
DLNG;N_1333.jpg
FSYS;N_1334.jpg
NTSC;N_1335.jpg
CENTA;N_1336.jpg
SQNM;N_1337.jpg
MHGC;N_1338.jpg
FUBC;N_1339.jpg
ONEQ;N_1340.jpg
THLD;N_1341.jpg
HGSH;N_1342.jpg
ACHN;N_1343.jpg
DGII;N_1344.jpg
WBCO;N_1345.jpg
HFWA;N_1346.jpg
PSMI;N_1347.jpg
YORW;N_1348.jpg
HMPR;N_1349.jpg
AMRN;N_1350.jpg
CLACU;N_1351.jpg
VVTV;N_1352.jpg
GLUU;N_1353.jpg
RNWK;N_1354.jpg
PHMD;N_1355.jpg
PFBC;N_1356.jpg
IMI;N_1357.jpg
VRNG;N_1358.jpg
LGIH;N_1359.jpg
AGYS;N_1360.jpg
FHCO;N_1361.jpg
MPAA;N_1362.jpg
BDGE;N_1363.jpg
QPAC;N_1364.jpg
RVLT;N_1365.jpg
ICEL;N_1366.jpg
ONTX;N_1367.jpg
CZNC;N_1368.jpg
CNBC;N_1369.jpg
NVEC;N_1370.jpg
GSVC;N_1371.jpg
RUSHB;N_1372.jpg
QPACU;N_1373.jpg
CRTX;N_1374.jpg
FBNK;N_1375.jpg
AIQ;N_1376.jpg
CISG;N_1377.jpg
KNDI;N_1378.jpg
OABC;N_1379.jpg
VCYT;N_1380.jpg
EAC           ;N_1381.jpg
GSOL;N_1382.jpg
NVMI;N_1383.jpg
UNTD;N_1384.jpg
VSTM;N_1385.jpg
TTPH;N_1386.jpg
GUID;N_1387.jpg
RGLS;N_1388.jpg
DWSN;N_1389.jpg
CPTA;N_1390.jpg
NKSH;N_1391.jpg
BSRR;N_1392.jpg
MACK;N_1393.jpg
OMER;N_1394.jpg
STSI;N_1395.jpg
VSEC;N_1396.jpg
FDEF;N_1397.jpg
SCLN;N_1398.jpg
AMSWA;N_1399.jpg
ACLS;N_1400.jpg
CRIS;N_1401.jpg
ERII;N_1402.jpg
XNPT;N_1403.jpg
SPNS;N_1404.jpg
IBCP;N_1405.jpg
PWOD;
MLAB;N_1407.jpg
NUTR;N_1408.jpg
HTWO;N_1409.jpg
PEBO;N_1410.jpg
FRP;N_1411.jpg
NMRX;N_1412.jpg
CHFN;N_1413.jpg
QADA;N_1414.jpg
CLAC;N_1415.jpg
CTRN;N_1416.jpg
TAX;
COHU;N_1418.jpg
RIGL;N_1419.jpg
SUPN;N_1420.jpg
FRNK;N_1421.jpg
CACB;N_1422.jpg
MGIC;N_1423.jpg
COB;N_1424.jpg
YDKN;N_1425.jpg
GARS;N_1426.jpg
BMRC;N_1427.jpg
HWCC;N_1428.jpg
USMD;N_1429.jpg
BANC;N_1430.jpg
BPOPN;N_1431.jpg
DTLK;N_1432.jpg
BELFA;N_1433.jpg
SPRT;N_1434.jpg
NATH;N_1435.jpg
AERI;N_1436.jpg
PERY;N_1437.jpg
PCBK;N_1438.jpg
TWGP;N_1439.jpg
WSTL;N_1440.jpg
PGNX;N_1441.jpg
ESBF;N_1442.jpg
DWCH;N_1443.jpg
PPBI;N_1444.jpg
SUBK;N_1445.jpg
MRTX;N_1446.jpg
CXDC;N_1447.jpg
RBCN;N_1448.jpg
BKYF;N_1449.jpg
AUDC;N_1450.jpg
COA           ;N_1451.jpg
QLTI;N_1452.jpg
CREG;N_1453.jpg
SBLK;N_1454.jpg
TBNK;N_1455.jpg
KOPN;N_1456.jpg
HKTV;N_1457.jpg
MXWL;N_1458.jpg
PME;N_1459.jpg
CHTP;N_1460.jpg
CLFD;N_1461.jpg
NYMX;N_1462.jpg
CTIC;N_1463.jpg
SPDC;N_1464.jpg
CALL;N_1465.jpg
CAAS;N_1466.jpg
CKSW;N_1467.jpg
ARCW;N_1468.jpg
CWST;N_1469.jpg
USAP;N_1470.jpg
WRES;N_1471.jpg
SNAK;N_1472.jpg
WHF;N_1473.jpg
MOFG;N_1474.jpg
TSEM;N_1475.jpg
IGLD;N_1476.jpg
ADHD;N_1477.jpg
HOME;N_1478.jpg
WIFI;N_1479.jpg
AFAM;N_1480.jpg
WTBA;N_1481.jpg
CASH;N_1482.jpg
MSPD;N_1483.jpg
MRGE;N_1484.jpg
DFZ;N_1485.jpg
SPAR;N_1486.jpg
ADNC;N_1487.jpg
ACTS;N_1488.jpg
ESPR;N_1489.jpg
CHSCP;N_1490.jpg
AMBI;N_1491.jpg
CCXI;N_1492.jpg
FXCB;N_1493.jpg
SUNS;N_1494.jpg
SALM;N_1495.jpg
NASB;
UTMD;N_1497.jpg
MLNK;N_1498.jpg
PRGX;N_1499.jpg
CCBG;N_1500.jpg
KVHI;N_1501.jpg
MIND;N_1502.jpg
NBBC;N_1503.jpg
SBCF;N_1504.jpg
WLB;N_1505.jpg
BKEP;N_1506.jpg
LYTS;N_1507.jpg
OCLR;N_1508.jpg
CLMS;N_1509.jpg
ATLO;N_1510.jpg
OFLX;N_1511.jpg
NEON;N_1512.jpg
CCIH;N_1513.jpg
AMRS;N_1514.jpg
PPHM;N_1515.jpg
HTBK;N_1516.jpg
DJCO;N_1517.jpg
RDIB;N_1518.jpg
CCRN;N_1519.jpg
EXA;N_1520.jpg
VLCCF;N_1521.jpg
DSCI;N_1522.jpg
PSEM;N_1523.jpg
LFVN;N_1524.jpg
CVGI;N_1525.jpg
ONCY;N_1526.jpg
FLXS;N_1527.jpg
PSTI;N_1528.jpg
PFLT;N_1529.jpg
ARTNA;N_1530.jpg
BBGI;N_1531.jpg
MOSY;N_1532.jpg
FLOW;N_1533.jpg
CYTK;N_1534.jpg
BELFB;N_1535.jpg
DATE;N_1536.jpg
CNOB;N_1537.jpg
GLAD;N_1538.jpg
GMAN;N_1539.jpg
EIHI;N_1540.jpg
GAIN;N_1541.jpg
NICK;N_1542.jpg
GILT;N_1543.jpg
CUNB;N_1544.jpg
MBVT;N_1545.jpg
BFIN;N_1546.jpg
IKGH;N_1547.jpg
CRRC;N_1548.jpg
AOSL;N_1549.jpg
HNRG;N_1550.jpg
LLNW;N_1551.jpg
LIQD;N_1552.jpg
HBNC;N_1553.jpg
SRNE;N_1554.jpg
VOCS;N_1555.jpg
VITC;N_1556.jpg
MBWM;N_1557.jpg
TTGT;N_1558.jpg
MITK;N_1559.jpg
HCKT;N_1560.jpg
NYNY;N_1561.jpg
CRAI;N_1562.jpg
HEOP;N_1563.jpg
SIGM;N_1564.jpg
JMBA;N_1565.jpg
UCFC;N_1566.jpg
POZN;N_1567.jpg
EBTC;N_1568.jpg
DSPG;N_1569.jpg
STRL;N_1570.jpg
CNBKA;N_1571.jpg
ATEC;N_1572.jpg
REIS;N_1573.jpg
GSIT;N_1574.jpg
AMNB;N_1575.jpg
NEO;N_1576.jpg
LCUT;N_1577.jpg
PCTI;N_1578.jpg
NSPH;N_1579.jpg
HOFT;N_1580.jpg
OMEX;N_1581.jpg
CSCD;N_1582.jpg
PSUN;N_1583.jpg
CBEY;N_1584.jpg
FNLC;N_1585.jpg
FFBH;N_1586.jpg
FXEN;N_1587.jpg
ATNY;N_1588.jpg
FFNW;N_1589.jpg
FLML;N_1590.jpg
SAMG;N_1591.jpg
HNSN;N_1592.jpg
NSTG;N_1593.jpg
LIWA;N_1594.jpg
HALL;N_1595.jpg
SIGA;N_1596.jpg
COCO;N_1597.jpg
CORT;N_1598.jpg
UNXL;N_1599.jpg
CFFI;N_1600.jpg
REXI;N_1601.jpg
HTCO;N_1602.jpg
PTIE;N_1603.jpg
HDNG;N_1604.jpg
CFNB;N_1605.jpg
UFPT;N_1606.jpg
CWCO;N_1607.jpg
BDSI;N_1608.jpg
RTIX;N_1609.jpg
CYTX;N_1610.jpg
NBS;N_1611.jpg
DSCO;N_1612.jpg
LCNB;N_1613.jpg
CIFC;N_1614.jpg
MNTX;N_1615.jpg
BOLT;N_1616.jpg
GRIF;N_1617.jpg
SNMX;N_1618.jpg
FUND;N_1619.jpg
MHLDO;N_1620.jpg
SKUL;N_1621.jpg
UIHC;N_1622.jpg
OVAS;N_1623.jpg
DXYN;N_1624.jpg
DRRX;N_1625.jpg
ITIC;N_1626.jpg
VTSS;N_1627.jpg
PLMT;N_1628.jpg
ACST;N_1629.jpg
PRAN;N_1630.jpg
CHRM;N_1631.jpg
EVRY;N_1632.jpg
MEIP;N_1633.jpg
SLTM;N_1634.jpg
NRIM;N_1635.jpg
ROIA;N_1636.jpg
NWBO;N_1637.jpg
HIFS;N_1638.jpg
HURC;N_1639.jpg
PGC;N_1640.jpg
GAGA;N_1641.jpg
RELL;N_1642.jpg
TRGT;N_1643.jpg
HIIQ;N_1644.jpg
OHRP;N_1645.jpg
FPRX;N_1646.jpg
AAOI;N_1647.jpg
FFKT;N_1648.jpg
PTSI;N_1649.jpg
NGPC;N_1650.jpg
LVNTB;N_1651.jpg
NEPT;N_1652.jpg
FBMI;N_1653.jpg
PENX;N_1654.jpg
SSH;N_1655.jpg
HILL;N_1656.jpg
PCYG;N_1657.jpg
TTHI;N_1658.jpg
RDI;N_1659.jpg
TKMR;N_1660.jpg
IBCA;N_1661.jpg
PCYO;N_1662.jpg
TGE;N_1663.jpg
BANX;N_1664.jpg
LMIA;N_1665.jpg
BAGR;N_1666.jpg
MTSN;N_1667.jpg
EXFO;N_1668.jpg
SLMAP;N_1669.jpg
UPIP;N_1670.jpg
TECUA;N_1671.jpg
ANCX;N_1672.jpg
PMFG;N_1673.jpg
BIND;N_1674.jpg
BLDP;N_1675.jpg
JAKK;N_1676.jpg
WFD;N_1677.jpg
INTX;N_1678.jpg
DGAS;N_1679.jpg
PROV;N_1680.jpg
ANAD;N_1681.jpg
CHMG;N_1682.jpg
WLFC;N_1683.jpg
TWER;N_1684.jpg
TWMC;N_1685.jpg
USAK;N_1686.jpg
TAST;N_1687.jpg
DAVE;N_1688.jpg
QUIK;N_1689.jpg
CPSS;N_1690.jpg
MNTG;N_1691.jpg
SIFI;N_1692.jpg
TECUB;N_1693.jpg
BSET;N_1694.jpg
STRT;N_1695.jpg
GALT;N_1696.jpg
SYNL;N_1697.jpg
ARQL;N_1698.jpg
PERI;N_1699.jpg
TSYS;N_1700.jpg
DCIX;N_1701.jpg
MCBC;N_1702.jpg
KONA;N_1703.jpg
EMKR;N_1704.jpg
FBIZ;N_1705.jpg
CGIX;N_1706.jpg
RNA;N_1707.jpg
CNIT;N_1708.jpg
RRST;N_1709.jpg
ORRF;N_1710.jpg
SBRAP;N_1711.jpg
SQBG;N_1712.jpg
HBOS;N_1713.jpg
KBIO;N_1714.jpg
GFN;N_1715.jpg
CLCT;N_1716.jpg
HRZN;N_1717.jpg
CIDM;N_1718.jpg
DMRC;N_1719.jpg
BSTC;N_1720.jpg
ROIAK;N_1721.jpg
HBCP;N_1722.jpg
FTEK;N_1723.jpg
IVAC;N_1724.jpg
MBRG;N_1725.jpg
GKNT;N_1726.jpg
ZAGG;N_1727.jpg
III;N_1728.jpg
PLPM;N_1729.jpg
CUTR;N_1730.jpg
HBIO;N_1731.jpg
OLBK;N_1732.jpg
NOVB;N_1733.jpg
BLMT;N_1734.jpg
LMAT;N_1735.jpg
CNAT;N_1736.jpg
AVNW;N_1737.jpg
STRS;N_1738.jpg
ESSA;N_1739.jpg
LINC;N_1740.jpg
MRCC;N_1741.jpg
ONTY;N_1742.jpg
CNTY;N_1743.jpg
FSGI;N_1744.jpg
HMTV;N_1745.jpg
AMSC;N_1746.jpg
ROIQU;N_1747.jpg
MFI;N_1748.jpg
ZHNE;N_1749.jpg
HPOL;N_1750.jpg
REFR;N_1751.jpg
CHKE;N_1752.jpg
QTWW;N_1753.jpg
AWRE;N_1754.jpg
PFSW;N_1755.jpg
RCKY;N_1756.jpg
OTEL;N_1757.jpg
ESCA;N_1758.jpg
MFSF;
KIOR;N_1760.jpg
SMPL;N_1761.jpg
OXLC;N_1762.jpg
HYGS;N_1763.jpg
PULB;N_1764.jpg
KGJI;N_1765.jpg
ISSC;N_1766.jpg
CSUN;N_1767.jpg
CACH;N_1768.jpg
PNRG;N_1769.jpg
MOBI;N_1770.jpg
MNRK;N_1771.jpg
GCBC;N_1772.jpg
JST;N_1773.jpg
PMBC;N_1774.jpg
FMNB;N_1775.jpg
CEDU;N_1776.jpg
NSSC;N_1777.jpg
CBNJ;N_1778.jpg
QUMU;N_1779.jpg
ZIPR;N_1780.jpg
TGTX;N_1781.jpg
PFBI;N_1782.jpg
OCRX;N_1783.jpg
UG;N_1784.jpg
OFS;N_1785.jpg
TOFC;N_1786.jpg
CUI;N_1787.jpg
SONA;N_1788.jpg
EVOL;N_1789.jpg
CVCY;N_1790.jpg
PEOP;N_1791.jpg
ZAZA;N_1792.jpg
KTCC;N_1793.jpg
CHNR;N_1794.jpg
LACO;N_1795.jpg
LTON;N_1796.jpg
BOTA;N_1797.jpg
KUTV;N_1798.jpg
MDCI;N_1799.jpg
ANIP;N_1800.jpg
IPAS;N_1801.jpg
PCMI;N_1802.jpg
LAWS;N_1803.jpg
AFH;N_1804.jpg
AVEO;N_1805.jpg
BERK;N_1806.jpg
GYRO;N_1807.jpg
OGXI;N_1808.jpg
BWEN;N_1809.jpg
ACNB;N_1810.jpg
WILC;N_1811.jpg
PBIP;N_1812.jpg
ADEP;N_1813.jpg
SURG;N_1814.jpg
IDRA;N_1815.jpg
ELON;N_1816.jpg
EML;N_1817.jpg
LAND;N_1818.jpg
HSON;N_1819.jpg
PRSS;N_1820.jpg
STRM;N_1821.jpg
CTHR;N_1822.jpg
HPAC;
QCRH;N_1824.jpg
FOLD;N_1825.jpg
CHLN;N_1826.jpg
NBN;N_1827.jpg
WFBI;N_1828.jpg
TACT;N_1829.jpg
SWSH;N_1830.jpg
TROV;N_1831.jpg
IMCB;N_1832.jpg
RSOL;N_1833.jpg
PXLW;N_1834.jpg
ATHX;N_1835.jpg
RGDO;N_1836.jpg
NEWT;N_1837.jpg
SMBC;N_1838.jpg
BCBP;N_1839.jpg
RICK;N_1840.jpg
ALSK;N_1841.jpg
NHTB;N_1842.jpg
NWFL;N_1843.jpg
PAMT;N_1844.jpg
GAIA;N_1845.jpg
AMCN;N_1846.jpg
OFED;N_1847.jpg
EMMS;N_1848.jpg
FNHC;N_1849.jpg
SGC;N_1850.jpg
CRNT;N_1851.jpg
CCCR;N_1852.jpg
CVTI;N_1853.jpg
FATE;N_1854.jpg
ICAD;N_1855.jpg
MASC;N_1856.jpg
ABTL;N_1857.jpg
GURE;N_1858.jpg
UTSI;N_1859.jpg
USEG;N_1860.jpg
OSHC;
PWX;N_1862.jpg
SMT;N_1863.jpg
ALOT;N_1864.jpg
SAEX;N_1865.jpg
GDEF;N_1866.jpg
PRTS;N_1867.jpg
AMOT;N_1868.jpg
CACG;N_1869.jpg
NAUH;N_1870.jpg
VICL;N_1871.jpg
CVLY;N_1872.jpg
UNB;N_1873.jpg
ATAI;N_1874.jpg
GTXI;N_1875.jpg
TINY;N_1876.jpg
HBNK;N_1877.jpg
CBNK;N_1878.jpg
FEIM;N_1879.jpg
FNRG;N_1880.jpg
NECB;N_1881.jpg
RLOG;N_1882.jpg
VALU;N_1883.jpg
CYTR;N_1884.jpg
NETE;N_1885.jpg
HFFC;N_1886.jpg
IESC;N_1887.jpg
CPXX;N_1888.jpg
TCFC;N_1889.jpg
LNBB;N_1890.jpg
FSFR;N_1891.jpg
KTEC;N_1892.jpg
PRCP;N_1893.jpg
ONFC;N_1894.jpg
INOC;N_1895.jpg
AUBN;N_1896.jpg
ATTU;N_1897.jpg
ASBB;N_1898.jpg
CPIX;N_1899.jpg
QTETU;
AMIC;N_1901.jpg
CDZI;N_1902.jpg
PTX;N_1903.jpg
VTNC;N_1904.jpg
CIZN;N_1905.jpg
HCAP;
CAFI;N_1907.jpg
RGCO;N_1908.jpg
AGEN;N_1909.jpg
JCS;N_1910.jpg
THRD;N_1911.jpg
BRID;N_1912.jpg
MNDL;N_1913.jpg
MATR;N_1914.jpg
BYLK;N_1915.jpg
IRIX;N_1916.jpg
SLP;N_1917.jpg
YRCW;N_1918.jpg
OVBC;N_1919.jpg
GENC;N_1920.jpg
HTCH;N_1921.jpg
AAME;N_1922.jpg
OTIV;N_1923.jpg
MGPI;N_1924.jpg
TLF;N_1925.jpg
HFBC;N_1926.jpg
IKAN;N_1927.jpg
CLRO;N_1928.jpg
MWRX;N_1929.jpg
FRBK;N_1930.jpg
RDNT;N_1931.jpg
LOJN;N_1932.jpg
OIIM;N_1933.jpg
ALXA;N_1934.jpg
BCSB;N_1935.jpg
FES;N_1936.jpg
ETRM;N_1937.jpg
DRAD;N_1938.jpg
BOCH;N_1939.jpg
ENVI;N_1940.jpg
CBRX;N_1941.jpg
ASYS;N_1942.jpg
PRGN;N_1943.jpg
ESXB;N_1944.jpg
MLVF;N_1945.jpg
MFRI;N_1946.jpg
SORL;N_1947.jpg
RCMT;N_1948.jpg
FALC;N_1949.jpg
ACUR;N_1950.jpg
AMRB;N_1951.jpg
ACFN;N_1952.jpg
MOCO;N_1953.jpg
CRWS;N_1954.jpg
CHOP;N_1955.jpg
EVBS;N_1956.jpg
AXTI;N_1957.jpg
NCIT;N_1958.jpg
SHBI;N_1959.jpg
PDII;N_1960.jpg
RFIL;N_1961.jpg
RMCF;N_1962.jpg
EDGW;N_1963.jpg
DXM;N_1964.jpg
CIMT;N_1965.jpg
SUTR;N_1966.jpg
KELYB;N_1967.jpg
FBMS;N_1968.jpg
TST;N_1969.jpg
CPRX;N_1970.jpg
OBAF;N_1971.jpg
JOEZ;N_1972.jpg
BUR;N_1973.jpg
RSYS;N_1974.jpg
IROQ;
AETI;N_1976.jpg
DRCO;N_1977.jpg
CYCC;N_1978.jpg
MERU;N_1979.jpg
WBB;N_1980.jpg
PEBK;N_1981.jpg
DLIA;N_1982.jpg
TSRE;N_1983.jpg
NTIC;N_1984.jpg
ALLB;N_1985.jpg
AQU;
PMD;N_1987.jpg
CNTF;N_1988.jpg
LCAV;N_1989.jpg
APRI;N_1990.jpg
EPAX;N_1991.jpg
COGO;N_1992.jpg
IDSY;N_1993.jpg
PERF;N_1994.jpg
SMED;N_1995.jpg
LSBK;N_1996.jpg
PZZI;N_1997.jpg
CHEV;N_1998.jpg
CTCH;N_1999.jpg
NVTL;N_2000.jpg
HOVNP;N_2001.jpg
SYNC;N_2002.jpg
ESSX;N_2003.jpg
HWBK;N_2004.jpg
KFFB;N_2005.jpg
ARKR;N_2006.jpg
SANW;N_2007.jpg
CCUR;N_2008.jpg
BKSC;N_2009.jpg
CVV;N_2010.jpg
MAG;N_2011.jpg
GLCH;N_2012.jpg
SNFCA;N_2013.jpg
FSBK;N_2014.jpg
NINE;N_2015.jpg
UBFO;N_2016.jpg
LLEN;N_2017.jpg
IMRS;N_2018.jpg
PRMW;N_2019.jpg
MBTF;N_2020.jpg
TATT;N_2021.jpg
PLUG;N_2022.jpg
RMGN;N_2023.jpg
FONR;N_2024.jpg
TSPT;N_2025.jpg
RLJE;N_2026.jpg
AQUUU;
SMMF;N_2028.jpg
PSDV;N_2029.jpg
SPHS;N_2030.jpg
UNAM;N_2031.jpg
REDF;N_2032.jpg
JAXB;N_2033.jpg
STEM;N_2034.jpg
CBIN;N_2035.jpg
NBTF;N_2036.jpg
LPTN;N_2037.jpg
LPSB;N_2038.jpg
UPI;N_2039.jpg
ALTI;N_2040.jpg
GPIC;N_2041.jpg
FCLF;N_2042.jpg
GEVO;N_2043.jpg
CBLI;N_2044.jpg
OVLY;N_2045.jpg
MTEX;N_2046.jpg
KIPO;N_2047.jpg
OPOF;N_2048.jpg
INBK;N_2049.jpg
FCCY;N_2050.jpg
AXGN;N_2051.jpg
ENZN;N_2052.jpg
ULBI;N_2053.jpg
XBKS;N_2054.jpg
PFBX;N_2055.jpg
ABCD;N_2056.jpg
ANTH;N_2057.jpg
CCCL;N_2058.jpg
WSTG;N_2059.jpg
PPSI;N_2060.jpg
VTUS;N_2061.jpg
LPDX;N_2062.jpg
OSBC;N_2063.jpg
TSBK;N_2064.jpg
CLIR;N_2065.jpg
IVAN;N_2066.jpg
SGOC;N_2067.jpg
FCTY;N_2068.jpg
SENEB;N_2069.jpg
USAT;N_2070.jpg
VRML;N_2071.jpg
CRDC;N_2072.jpg
MAMS;N_2073.jpg
BIOL;N_2074.jpg
NCTY;N_2075.jpg
JRJC;N_2076.jpg
RVSB;N_2077.jpg
TRCB;N_2078.jpg
ALIM;N_2079.jpg
UNTY;N_2080.jpg
JACQ;
PATH;N_2082.jpg
ASRV;N_2083.jpg
LARK;N_2084.jpg
STXS;N_2085.jpg
JACQU;
BODY;N_2087.jpg
INOD;N_2088.jpg
MAYS;N_2089.jpg
SFST;N_2090.jpg
CAMT;N_2091.jpg
INXB;
FULL;N_2093.jpg
ORMP;N_2094.jpg
MSLI;N_2095.jpg
FCAP;N_2096.jpg
EDAP;N_2097.jpg
STLY;N_2098.jpg
FSBW;N_2099.jpg
BLRX;N_2100.jpg
SPAN;N_2101.jpg
NRCIA;N_2102.jpg
DNBF;N_2103.jpg
SYPR;N_2104.jpg
ACPW;N_2105.jpg
EGLE;N_2106.jpg
DRWI;N_2107.jpg
MCBK;N_2108.jpg
HBK;N_2109.jpg
FCCO;N_2110.jpg
URRE;N_2111.jpg
TIGR;N_2112.jpg
CPAH;N_2113.jpg
CISAU;N_2114.jpg
SOHO;N_2115.jpg
LRAD;N_2116.jpg
HDSN;N_2117.jpg
CBAN;N_2118.jpg
TRNS;N_2119.jpg
PKBK;N_2120.jpg
UCBA;N_2121.jpg
ANDA;N_2122.jpg
ESEA;N_2123.jpg
VYFC;N_2124.jpg
MAGS;N_2125.jpg
TISA;N_2126.jpg
ESBK;N_2127.jpg
FSFG;N_2128.jpg
HTBX;N_2129.jpg
LABC;N_2130.jpg
COBK;N_2131.jpg
PRXI;N_2132.jpg
CLSN;N_2133.jpg
AEZS;N_2134.jpg
NVSL;N_2135.jpg
HPCCP;N_2136.jpg
BAXS;N_2137.jpg
CDXS;N_2138.jpg
MGCD;N_2139.jpg
FCZA;N_2140.jpg
FLL;N_2141.jpg
MFNC;N_2142.jpg
OCZ;N_2143.jpg
VTNR;N_2144.jpg
USBI;N_2145.jpg
ZN;N_2146.jpg
INVE;N_2147.jpg
MCOX;N_2148.jpg
GIGM;N_2149.jpg
FUNC;N_2150.jpg
VIMC;N_2151.jpg
FBSS;N_2152.jpg
CHYR;N_2153.jpg
EDS;N_2154.jpg
WBKC;N_2155.jpg
JRCC;N_2156.jpg
FCVA;N_2157.jpg
GLDC;N_2158.jpg
EVOK;N_2159.jpg
XWES;N_2160.jpg
MNOV;N_2161.jpg
CRME;N_2162.jpg
APWC;N_2163.jpg
SPU;N_2164.jpg
ASTI;N_2165.jpg
SVBI;N_2166.jpg
BYBK;N_2167.jpg
XTLB;N_2168.jpg
SSBI;N_2169.jpg
MPET;N_2170.jpg
SUMR;N_2171.jpg
NCBC;N_2172.jpg
FFCO;N_2173.jpg
CNDO;N_2174.jpg
CERE;N_2175.jpg
NTWK;N_2176.jpg
INTG;N_2177.jpg
BVSN;N_2178.jpg
UBOH;N_2179.jpg
CPGI;N_2180.jpg
PBSK;
CWBC;N_2182.jpg
OPXA;N_2183.jpg
KEQU;N_2184.jpg
EEI;N_2185.jpg
ATLC;N_2186.jpg
BPHX;N_2187.jpg
PNBK;N_2188.jpg
VISN;N_2189.jpg
SYMX;N_2190.jpg
BSDM;N_2191.jpg
PSTR;N_2192.jpg
SAL;N_2193.jpg
RGDX;N_2194.jpg
ENMD;N_2195.jpg
LSBI;N_2196.jpg
HSKA;N_2197.jpg
CPHC;N_2198.jpg
ANCB;N_2199.jpg
YOD;N_2200.jpg
SFBC;N_2201.jpg
PESI;N_2202.jpg
BIOD;N_2203.jpg
EMCF;N_2204.jpg
WEBK;N_2205.jpg
RIVR;N_2206.jpg
MVIS;N_2207.jpg
PLNR;N_2208.jpg
MPB;N_2209.jpg
VSCI;N_2210.jpg
EBMT;N_2211.jpg
MGYR;N_2212.jpg
ADAT;N_2213.jpg
QADB;N_2214.jpg
SMSI;N_2215.jpg
ENG;N_2216.jpg
RECV;N_2217.jpg
SOFO;N_2218.jpg
JFBI;N_2219.jpg
SOCB;N_2220.jpg
LOCM;N_2221.jpg
PSBH;N_2222.jpg
GROW;N_2223.jpg
TBOW;N_2224.jpg
XPLR;N_2225.jpg
MSBF;N_2226.jpg
HFBL;N_2227.jpg
ASBI;N_2228.jpg
SPCB;N_2229.jpg
DSWL;N_2230.jpg
WAVX;N_2231.jpg
SBFG;N_2232.jpg
HMNF;N_2233.jpg
ARTX;N_2234.jpg
LTRE;N_2235.jpg
DCIN;N_2236.jpg
ROYL;N_2237.jpg
CZWI;N_2238.jpg
SIBC;N_2239.jpg
ATOS;N_2240.jpg
SYNM;N_2241.jpg
GMETP;N_2242.jpg
SEED;N_2243.jpg
BAMM;N_2244.jpg
SKBI;N_2245.jpg
OXBT;N_2246.jpg
DCTH;N_2247.jpg
PEIX;N_2248.jpg
MFLR;N_2249.jpg
RELV;N_2250.jpg
AFCB;N_2251.jpg
UBCP;N_2252.jpg
IMMY;N_2253.jpg
PBMD;N_2254.jpg
KOSS;N_2255.jpg
EGT;N_2256.jpg
LPHI;N_2257.jpg
MNDO;N_2258.jpg
ESYS;N_2259.jpg
HPJ;N_2260.jpg
RDCM;N_2261.jpg
IPCI;N_2262.jpg
PNTR;N_2263.jpg
SGRP;N_2264.jpg
NVEE;N_2265.jpg
SIEB;N_2266.jpg
PBCP;N_2267.jpg
JXSB;N_2268.jpg
NAII;N_2269.jpg
BSQR;N_2270.jpg
CHCI;N_2271.jpg
CLBH;N_2272.jpg
PBHC;N_2273.jpg
ONVI;N_2274.jpg
HOLL;N_2275.jpg
COSI;N_2276.jpg
DBLEP;N_2277.jpg
HBMD;N_2278.jpg
ALCS;N_2279.jpg
NEWL;N_2280.jpg
MBLX;N_2281.jpg
GRVY;N_2282.jpg
BDMS;N_2283.jpg
SMTX;N_2284.jpg
APPY;N_2285.jpg
AMBT;N_2286.jpg
CYBE;N_2287.jpg
MELA;N_2288.jpg
QCCO;N_2289.jpg
IPDN;N_2290.jpg
CEMI;N_2291.jpg
LEDS;N_2292.jpg
IKNX;N_2293.jpg
BGSCU;N_2294.jpg
JVA;N_2295.jpg
MARPS;N_2296.jpg
ASUR;N_2297.jpg
SBBX;N_2298.jpg
BGSC;N_2299.jpg
GLBZ;N_2300.jpg
JCTCF;N_2301.jpg
GFED;N_2302.jpg
ISIG;N_2303.jpg
PLBC;N_2304.jpg
CWTR;N_2305.jpg
DSKX;N_2306.jpg
OSN;N_2307.jpg
TORM          ;N_2308.jpg
DVCR;N_2309.jpg
MSON;N_2310.jpg
SPBC;N_2311.jpg
VIRC;N_2312.jpg
ZLCS;N_2313.jpg
ERS;N_2314.jpg
PTIX;N_2315.jpg
BTUI;N_2316.jpg
WAYN;N_2317.jpg
CASM;N_2318.jpg
PRPH;N_2319.jpg
INPH;N_2320.jpg
TOPS;N_2321.jpg
ASTC;N_2322.jpg
MARK;N_2323.jpg
SSFN;N_2324.jpg
GOODO;N_2325.jpg
WHLR;N_2326.jpg
ISNS;N_2327.jpg
WVVI;N_2328.jpg
BOTJ;N_2329.jpg
EMITF;N_2330.jpg
OVRL;N_2331.jpg
TAYD;N_2332.jpg
AEY;N_2333.jpg
GTWN;N_2334.jpg
CSPI;N_2335.jpg
LAKE;N_2336.jpg
CYAN;N_2337.jpg
AIRT;N_2338.jpg
CBAK;N_2339.jpg
HART          ;N_2340.jpg
VIDE;N_2341.jpg
OINK;N_2342.jpg
PFIN;N_2343.jpg
SBSA;N_2344.jpg
WLDN;N_2345.jpg
BANFP;N_2346.jpg
DOVR;N_2347.jpg
GLBS;N_2348.jpg
COOL;N_2349.jpg
GENE;N_2350.jpg
GPRC;N_2351.jpg
FREE;N_2352.jpg
BSPM;
PTNT;N_2354.jpg
CARV;N_2355.jpg
XRSC;N_2356.jpg
RITT;N_2357.jpg
JTPY;N_2358.jpg
OCC;N_2359.jpg
ARTW;N_2360.jpg
GOODP;N_2361.jpg
TMNG;N_2362.jpg
AEHR;N_2363.jpg
OBAS;N_2364.jpg
MICT;N_2365.jpg
ROSG;N_2366.jpg
SCOK;
IIN;N_2368.jpg
LTBR;N_2369.jpg
NVGN;N_2370.jpg
UNTK;N_2371.jpg
KINS;N_2372.jpg
ECTE;N_2373.jpg
DAIO;N_2374.jpg
STRN;N_2375.jpg
SLTC;N_2376.jpg
WVFC;N_2377.jpg
FFKY;N_2378.jpg
DBLE;N_2379.jpg
TFCO;N_2380.jpg
OPTT;N_2381.jpg
VLTC;N_2382.jpg
CFBK;N_2383.jpg
THTI;N_2384.jpg
RCON;N_2385.jpg
LTRX;N_2386.jpg
SCON;N_2387.jpg
SGMA;N_2388.jpg
TNXP;N_2389.jpg
GAI;N_2390.jpg
KIPS;N_2391.jpg
OBCI;N_2392.jpg
CLNT;N_2393.jpg
VRTB;N_2394.jpg
NLST;N_2395.jpg
ARCI;N_2396.jpg
SPCHB;N_2397.jpg
GNVC;N_2398.jpg
XGTI;N_2399.jpg
COBR;N_2400.jpg
SGYPU;N_2401.jpg
AHPI;N_2402.jpg
VSBN;N_2403.jpg
HOTR;N_2404.jpg
RAND;N_2405.jpg
EMMSP;N_2406.jpg
NSEC;N_2407.jpg
LPTH;N_2408.jpg
LUNA;N_2409.jpg
ANDAU;N_2410.jpg
CNET;N_2411.jpg
CTIB;N_2412.jpg
CZFC;N_2413.jpg
OCLS;N_2414.jpg
BGMD;N_2415.jpg
IDSA;N_2416.jpg
SPCHA;N_2417.jpg
EFUT;N_2418.jpg
HAST;N_2419.jpg
WSCI;N_2420.jpg
SEV;N_2421.jpg
DGLY;N_2422.jpg
DHRM;N_2423.jpg
CNYD;N_2424.jpg
ABIO;N_2425.jpg
NSYS;N_2426.jpg
RBPAA;N_2427.jpg
CJJD;N_2428.jpg
ADXS;N_2429.jpg
VIFL;N_2430.jpg
BLIN          ;N_2431.jpg
CMSB;N_2432.jpg
ASTM;N_2433.jpg
ORBT;N_2434.jpg
CRMB;N_2435.jpg
BIOF;N_2436.jpg
SPPR;N_2437.jpg
TCCO;N_2438.jpg
MEIL;N_2439.jpg
TRIT;N_2440.jpg
DAEG;N_2441.jpg
FFHL;N_2442.jpg
DYSL;N_2443.jpg
FFNM;N_2444.jpg
MNGA;N_2445.jpg
SHIP;N_2446.jpg
RADA;N_2447.jpg
CRDS;N_2448.jpg
CART;N_2449.jpg
PBIB;N_2450.jpg
VELT;N_2451.jpg
BASI;N_2452.jpg
KOOL;N_2453.jpg
LIME;N_2454.jpg
FORD;N_2455.jpg
ICLD;N_2456.jpg
ELSE;N_2457.jpg
HMNY;N_2458.jpg
CDTI;N_2459.jpg
QBAK;N_2460.jpg
ICCC;N_2461.jpg
LOOK;N_2462.jpg
DLHC;N_2463.jpg
AMCF;N_2464.jpg
GTIM;N_2465.jpg
LBIX;N_2466.jpg
DARA;N_2467.jpg
BVA;N_2468.jpg
CBMX;N_2469.jpg
EDUC;N_2470.jpg
IFON;N_2471.jpg
ZOOM;N_2472.jpg
MBIS;N_2473.jpg
THST;N_2474.jpg
VSCP;N_2475.jpg
ATEA;N_2476.jpg
OPHC;N_2477.jpg
PTEK;N_2478.jpg
LIVE;N_2479.jpg
ESMC;N_2480.jpg
PRLS;N_2481.jpg
SPRO;N_2482.jpg
MTSL;N_2483.jpg
NFEC;N_2484.jpg
PGRX;N_2485.jpg
VRTA;N_2486.jpg
ANCI;N_2487.jpg
HIHO;N_2488.jpg
CALI;N_2489.jpg
SPEX;N_2490.jpg
ACFC;N_2491.jpg
SINO;N_2492.jpg
ELTK;N_2493.jpg
SPPRO;N_2494.jpg
USATP;N_2495.jpg
LOAN;N_2496.jpg
CLRX;N_2497.jpg
DYNT;N_2498.jpg
BNSO;N_2499.jpg
NURO;N_2500.jpg
OXGN;N_2501.jpg
SMIT;N_2502.jpg
BYFC;N_2503.jpg
PDEX;N_2504.jpg
SPPRP;N_2505.jpg
CADC;N_2506.jpg
CLWT;N_2507.jpg
TSRI;
IGOI;N_2509.jpg
QKLS;N_2510.jpg
PLCC;N_2511.jpg
ALVR;N_2512.jpg
PTSX;N_2513.jpg
TELK;N_2514.jpg
GIGA;N_2515.jpg
TAIT;N_2516.jpg
VBFC;N_2517.jpg
WLBPZ;N_2518.jpg
CPSL;N_2519.jpg
BOSC;N_2520.jpg
DRAM;N_2521.jpg
UBIC;N_2522.jpg
HAUP;N_2523.jpg
CYCCP;N_2524.jpg
ATRM;N_2525.jpg
EONC;N_2526.jpg
KONE;N_2527.jpg
WPCS;N_2528.jpg
TBAC;N_2529.jpg
